{"armadale": [-32.25989590142844, 116.06601038233711], "cannington": [-31.992436070101515, 115.92437904588549], "external agency access": [-10.485398531579902, 105.63595542843883], "fremantle": [-32.09099266057265, 115.79762616481123], "goldfields-esperance": [-27.676428354329463, 124.50815480740197], "great southern": [-33.467566014736185, 118.28656124627638], "joondalup": [-31.633363824057124, 115.76328122877293], "kimberley": [-17.813726032418074, 126.05034747605177], "mandurah": [-32.57537095228114, 115.92057708587423], "mid west-gascoyne": [-26.619674591978708, 116.6250155553419], "midland": [-31.83589727061519, 116.13498754793275], "mirrabooka": [-31.890658327016272, 115.84123275665605], "perth": [-31.955302515256726, 115.81473819741525], "pilbara": [-21.837017432935692, 120.23209239860616], "south west": [-33.915229990060745, 115.97640170784571], "unknown": ["", ""], "wheatbelt": [-30.99630923360163, 117.86993685033175]}