{"metropolitan region north": [-31.789390809696087, 116.01589978610937], "metropolitan region south": [-32.41386520719742, 115.96661003596736], "regional wa region": [-25.461043567025687, 122.14717079661561], "rmis business unit": [-10.485398531579902, 105.63595542843883], "unknown": ["", ""]}