{"albany": [-34.738949665388084, 118.18183327735736], "armadale": [-32.16979389915164, 116.15624519409674], "augusta": [-34.24024512419077, 115.18885106962817], "australian federal police": [-10.485398531579902, 105.63595542843883], "australind": [-33.24426686930223, 115.79976165085405], "balgo": [-20.038296239327273, 127.68586475987611], "ballajura": [-31.830150809300505, 115.91945163951644], "bayswater": [-31.921504436733894, 115.90026922353572], "belmont": [-31.958512904995214, 115.95294468004445], "bencubbin": [-30.32077436706771, 117.94420589143274], "beverley": [-32.174707381390334, 116.79668477581545], "bidyadanga": [-19.15802110569136, 122.37829853907374], "blackstone": [-27.942508842552417, 127.52568294966072], "boddington": [-32.81196342245839, 116.40358093447985], "boyup brook": [-33.891708726602516, 116.52403189405344], "bridgetown": [-34.003858989586625, 116.19106482401119], "brookton": [-32.362015909150784, 117.00299474012499], "broome": [-17.71566476429804, 122.62489887764568], "bruce rock": [-31.952511041829354, 118.02860335238401], "bunbury": [-33.40616043663552, 115.82271818476437], "burringurrah": [-24.729959865771544, 116.35290973680164], "busselton": [-33.72386241440775, 115.458970961197], "canning vale": [-32.11159058857378, 115.93614188242933], "cannington": [-32.028077318063865, 115.91921573652903], "capel": [-33.50896519735938, 115.6924774250216], "carnamah": [-29.918997043889206, 115.93591173430988], "carnarvon": [-24.369020044665238, 114.38425336272196], "clarkson": [-31.671217858675636, 115.7104805320544], "cockburn": [-32.13792812203961, 115.83471289024952], "collie": [-33.28363270882774, 116.21198384712405], "coolgardie": [-31.08140025176525, 120.67173367891554], "corrigin": [-32.35835016363631, 117.79904553209379], "cranbrook": [-34.31068455553837, 117.23837143495021], "cue": [-27.310798582910802, 117.9400543130839], "cunderdin": [-31.599627080839667, 117.15572092900473], "dalwallinu": [-30.12527589359685, 116.94482170339747], "dampier": [-20.89294857513421, 116.36153050004506], "dampier peninsula": [-16.932926563675217, 122.86353075074867], "denmark": [-34.888215951477704, 117.2452796307319], "derby": [-17.042241476804897, 123.98301827835779], "dongara": [-29.326014445445043, 115.09184964044246], "donnybrook": [-33.667101029072796, 115.97538401113064], "dowerin": [-31.107680303500985, 117.11125786948826], "dumbleyung": [-33.22438583438461, 117.96438951808608], "dunsborough": [-33.69976307538401, 115.08445189328424], "dwellingup": [-32.61562206637734, 116.1200639051171], "ellenbrook": [-31.697417969138403, 116.02966429952313], "esperance": [-33.22198581195478, 122.24928965573451], "eucla": [-31.108134264895057, 126.82668356577292], "exmouth": [-22.519090781954723, 114.1694230159765], "fitzroy crossing": [-17.90369297291366, 125.16599897399864], "forrestfield": [-32.01242684068435, 116.123090300914], "fremantle": [-32.04082768092256, 115.76071108298653], "gascoyne junction": ["", ""], "geraldton": [-28.723926530564714, 114.29525023516179], "gingin": [-31.255580919079872, 115.93296119068683], "gnowangerup": [-34.11548691188888, 118.24140974500217], "goomalling": [-31.24283088763543, 116.78474670233369], "gosnells": [-32.064596554850354, 116.01531999687556], "halls creek": [-18.163314192030718, 127.27889152220712], "harvey": [-33.07482189847798, 115.95612599536342], "hillarys": [-31.801748869921774, 115.75692771199957], "hopetoun": [-33.85935742767582, 120.08940548025869], "jerramungup": [-34.05955968562842, 119.04637026762155], "jigalong": [-23.353496594285502, 120.7947091275616], "joondalup": [-31.74984976598112, 115.76363179226381], "jurien bay": [-30.512326484544484, 115.28027076552792], "kalbarri": [-27.545886261513743, 114.32085190935477], "kalgoorlie": [-30.72210929068047, 122.92536254833689], "kalumburu": [-15.081798857096706, 126.06723163057859], "kambalda": [-31.523204861040277, 121.90002854648401], "karratha": [-20.744761357713042, 116.82258343323998], "katanning": [-33.566369207679095, 118.24072808382967], "kellerberrin": [-31.59128144551365, 117.69782551330776], "kensington": [-31.991601907105128, 115.8821773065196], "kiara": [-31.88478651186239, 115.95584551005823], "kintore": [-22.501914055820762, 126.57475011881797], "kojonup": [-33.907644607358776, 117.04804823900217], "kondinin": [-32.427791885876516, 119.18679541018317], "koorda": [-30.5905145536246, 117.42551606145177], "kulin": [-32.71770388262059, 118.57482734533787], "kununurra": [-15.343239538401699, 128.6369402706504], "kwinana": [-32.22773523761484, 115.8287162322253], "lake grace": [-33.102961718041286, 118.94077524296907], "lancelin": [-31.161588755847312, 115.50908515327046], "laverton": [-27.83121002540407, 123.96564671019553], "leeman": [-29.923697697691562, 115.26387352419992], "leinster": [-27.87384488618538, 120.9772286274165], "leonora": [-29.515643726236025, 123.76960557138638], "looma": [-18.105349778988302, 124.2987188554704], "mandurah": [-32.5711054787382, 115.72868173785024], "manjimup": [-34.35066961367156, 116.36531657859622], "marble bar": [-21.200878894824058, 122.67269942957796], "margaret river": [-33.9729738201151, 115.25941614959521], "meekatharra": [-25.926319327581723, 117.99603955366283], "menzies": ["", ""], "merredin": [-31.470989132427835, 118.42422276612395], "midland": [-31.87550591369873, 116.0356937423568], "mingenew": [-29.158118084218337, 115.48424757282406], "mirrabooka": [-31.864272774129606, 115.83664249401521], "moora": [-30.545405357463583, 115.94260099550964], "morawa": [-29.066893101036136, 116.01713966701206], "morley": [-31.890645016252186, 115.88000983413484], "mount barker": [-34.614478941166844, 117.50666175239911], "mount magnet": [-28.468159434000388, 118.56485256957785], "mukinbudin": [-30.787410211399585, 118.41660465281583], "mullewa": [-28.31182060719646, 115.6367817361615], "mundaring": [-31.851239068071266, 116.23745205964848], "mundijong": [-32.34487217013936, 116.03429645473946], "murdoch": [-32.07980736738865, 115.82796922622802], "nannup": [-34.13396649306669, 115.6774161194228], "narembeen": [-32.0483081257016, 118.65397015642552], "narrogin": [-32.8856045678018, 117.21872677037933], "newman": [-23.42244168441564, 119.47749709997981], "norseman": [-32.12557536148634, 123.22447922908302], "northam": [-31.63833374027817, 116.71219119476005], "northampton": [-27.969617693607773, 114.87482382460855], "nullagine": [-21.97221415469495, 120.21599537901304], "onslow": [-22.57718051326566, 115.57391756110592], "palmyra": [-32.03757634124343, 115.81276989416308], "pannawonica": [-21.88305835898452, 116.5390100995059], "paraburdoo": [-23.27684516241372, 116.9247241439947], "pemberton": [-34.65134162435845, 116.17184863805007], "perenjori": [-29.44390238010236, 116.6114964305464], "perth": [-31.955533045199807, 115.86162406099565], "pingelly": [-32.53401200221309, 116.84516913438858], "pinjarra": [-32.642260697584305, 115.84988328693838], "port hedland": [-20.34142320717586, 118.63920130891995], "quairading": [-32.004850429248705, 117.42337999519565], "ravensthorpe": [-33.451348782921364, 119.9952912057938], "rockingham": [-32.31504865104812, 115.78435608034192], "roebourne": [-21.298060006813355, 117.56030269633929], "rottnest": [-32.00623999142841, 115.51227342813549], "scarborough": [-31.88893547415838, 115.78709860497148], "shark bay": [-26.386722602814217, 114.3225703848346], "south hedland": [-20.452978906978952, 118.9021690235274], "southern cross": [-30.957121616090607, 119.34196988042827], "tambellup": [-34.00240087706523, 117.6612195119788], "three springs": [-29.52570624245065, 115.57735653481228], "tom price": [-22.496701162885632, 118.19808267573212], "toodyay": [-31.440428649885543, 116.39886927907101], "unknown": ["", ""], "wagin": [-33.276652998764575, 117.36995943279148], "walpole": [-34.81611759699518, 116.75335582948773], "wanneroo": [-31.680758732768336, 115.82588760405939], "warakurna": [-25.27027961913822, 128.11719219400365],